<?xml version="1.0" encoding="UTF-8"?>
<GenRun Id="impl_1" LaunchPart="xc7a35tcpg236-1" LaunchTime="1624015943">
  <File Type="BITSTR-BMM" Name="top_bd.bmm"/>
  <File Type="OPT-METHODOLOGY-DRC" Name="top_methodology_drc_opted.rpt"/>
  <File Type="INIT-TIMING" Name="top_timing_summary_init.rpt"/>
  <File Type="ROUTE-PWR" Name="top_power_routed.rpt"/>
  <File Type="PA-TCL" Name="top.tcl"/>
  <File Type="OPT-TIMING" Name="top_timing_summary_opted.rpt"/>
  <File Type="OPT-DCP" Name="top_opt.dcp"/>
  <File Type="ROUTE-PWR-SUM" Name="top_power_summary_routed.pb"/>
  <File Type="REPORTS-TCL" Name="top_reports.tcl"/>
  <File Type="OPT-DRC" Name="top_drc_opted.rpt"/>
  <File Type="OPT-HWDEF" Name="top.hwdef"/>
  <File Type="PWROPT-DCP" Name="top_pwropt.dcp"/>
  <File Type="PWROPT-DRC" Name="top_drc_pwropted.rpt"/>
  <File Type="PWROPT-TIMING" Name="top_timing_summary_pwropted.rpt"/>
  <File Type="PLACE-DCP" Name="top_placed.dcp"/>
  <File Type="PLACE-IO" Name="top_io_placed.rpt"/>
  <File Type="PLACE-CLK" Name="top_clock_utilization_placed.rpt"/>
  <File Type="PLACE-UTIL" Name="top_utilization_placed.rpt"/>
  <File Type="PLACE-UTIL-PB" Name="top_utilization_placed.pb"/>
  <File Type="PLACE-CTRL" Name="top_control_sets_placed.rpt"/>
  <File Type="PLACE-SIMILARITY" Name="top_incremental_reuse_placed.rpt"/>
  <File Type="PLACE-PRE-SIMILARITY" Name="top_incremental_reuse_pre_placed.rpt"/>
  <File Type="PLACE-TIMING" Name="top_timing_summary_placed.rpt"/>
  <File Type="POSTPLACE-PWROPT-DCP" Name="top_postplace_pwropt.dcp"/>
  <File Type="BG-BIN" Name="top.bin"/>
  <File Type="POSTPLACE-PWROPT-TIMING" Name="top_timing_summary_postplace_pwropted.rpt"/>
  <File Type="PHYSOPT-DCP" Name="top_physopt.dcp"/>
  <File Type="PHYSOPT-DRC" Name="top_drc_physopted.rpt"/>
  <File Type="BITSTR-MSK" Name="top.msk"/>
  <File Type="PHYSOPT-TIMING" Name="top_timing_summary_physopted.rpt"/>
  <File Type="ROUTE-ERROR-DCP" Name="top_routed_error.dcp"/>
  <File Type="ROUTE-DCP" Name="top_routed.dcp"/>
  <File Type="ROUTE-BLACKBOX-DCP" Name="top_routed_bb.dcp"/>
  <File Type="ROUTE-DRC" Name="top_drc_routed.rpt"/>
  <File Type="ROUTE-DRC-PB" Name="top_drc_routed.pb"/>
  <File Type="ROUTE-DRC-RPX" Name="top_drc_routed.rpx"/>
  <File Type="BITSTR-MMI" Name="top.mmi"/>
  <File Type="ROUTE-METHODOLOGY-DRC" Name="top_methodology_drc_routed.rpt"/>
  <File Type="ROUTE-METHODOLOGY-DRC-RPX" Name="top_methodology_drc_routed.rpx"/>
  <File Type="ROUTE-METHODOLOGY-DRC-PB" Name="top_methodology_drc_routed.pb"/>
  <File Type="ROUTE-PWR-RPX" Name="top_power_routed.rpx"/>
  <File Type="ROUTE-STATUS" Name="top_route_status.rpt"/>
  <File Type="ROUTE-STATUS-PB" Name="top_route_status.pb"/>
  <File Type="ROUTE-TIMINGSUMMARY" Name="top_timing_summary_routed.rpt"/>
  <File Type="ROUTE-TIMING-PB" Name="top_timing_summary_routed.pb"/>
  <File Type="ROUTE-TIMING-RPX" Name="top_timing_summary_routed.rpx"/>
  <File Type="ROUTE-SIMILARITY" Name="top_incremental_reuse_routed.rpt"/>
  <File Type="ROUTE-CLK" Name="top_clock_utilization_routed.rpt"/>
  <File Type="ROUTE-BUS-SKEW" Name="top_bus_skew_routed.rpt"/>
  <File Type="ROUTE-BUS-SKEW-PB" Name="top_bus_skew_routed.pb"/>
  <File Type="ROUTE-BUS-SKEW-RPX" Name="top_bus_skew_routed.rpx"/>
  <File Type="POSTROUTE-PHYSOPT-DCP" Name="top_postroute_physopt.dcp"/>
  <File Type="POSTROUTE-PHYSOPT-BLACKBOX-DCP" Name="top_postroute_physopt_bb.dcp"/>
  <File Type="POSTROUTE-PHYSOPT-TIMING" Name="top_timing_summary_postroute_physopted.rpt"/>
  <File Type="POSTROUTE-PHYSOPT-TIMING-PB" Name="top_timing_summary_postroute_physopted.pb"/>
  <File Type="POSTROUTE-PHYSOPT-TIMING-RPX" Name="top_timing_summary_postroute_physopted.rpx"/>
  <File Type="POSTROUTE-PHYSOPT-BUS-SKEW" Name="top_bus_skew_postroute_physopted.rpt"/>
  <File Type="POSTROUTE-PHYSOPT-BUS-SKEW-PB" Name="top_bus_skew_postroute_physopted.pb"/>
  <File Type="BG-BIT" Name="top.bit"/>
  <File Type="POSTROUTE-PHYSOPT-BUS-SKEW-RPX" Name="top_bus_skew_postroute_physopted.rpx"/>
  <File Type="BITSTR-RBT" Name="top.rbt"/>
  <File Type="BITSTR-NKY" Name="top.nky"/>
  <File Type="PDI-FILE" Name="top.pdi"/>
  <File Type="RCFI_FILE" Name="top.rcfi"/>
  <File Type="CFI_FILE" Name="top.cfi"/>
  <File Type="RNPI_FILE" Name="top.rnpi"/>
  <File Type="NPI_FILE" Name="top.npi"/>
  <File Type="RBD_FILE" Name="top.rbd"/>
  <File Type="BITSTR-LTX" Name="debug_nets.ltx"/>
  <File Type="BITSTR-LTX" Name="top.ltx"/>
  <File Type="BITSTR-SYSDEF" Name="top.sysdef"/>
  <File Type="BG-BGN" Name="top.bgn"/>
  <File Type="BG-DRC" Name="top.drc"/>
  <File Type="RDI-RDI" Name="top.vdi"/>
  <File Type="WBT-USG" Name="usage_statistics_webtalk.html"/>
  <FileSet Name="sources" Type="DesignSrcs" RelSrcDir="$PSRCDIR/sources_1" RelGenDir="$PGENDIR/sources_1">
    <Filter Type="Srcs"/>
    <File Path="$PSRCDIR/sources_1/ip/blk_mem_gen_0/blk_mem_gen_0.xci">
      <FileInfo>
        <Attr Name="ImportPath" Val="$PPRDIR/../final_project_tetris0/final_project_tetris0.srcs/sources_1/ip/blk_mem_gen_0/blk_mem_gen_0.xci"/>
        <Attr Name="ImportTime" Val="1623739280"/>
        <Attr Name="UsedIn" Val="synthesis"/>
        <Attr Name="UsedIn" Val="implementation"/>
        <Attr Name="UsedIn" Val="simulation"/>
      </FileInfo>
    </File>
    <File Path="$PSRCDIR/sources_1/new/Clock_1Hz.v">
      <FileInfo>
        <Attr Name="ImportPath" Val="$PPRDIR/../final_project_tetris1/final_project_tetris1.srcs/sources_1/new/Clock_1Hz.v"/>
        <Attr Name="ImportTime" Val="1620543980"/>
        <Attr Name="UsedIn" Val="synthesis"/>
        <Attr Name="UsedIn" Val="implementation"/>
        <Attr Name="UsedIn" Val="simulation"/>
      </FileInfo>
    </File>
    <File Path="$PSRCDIR/sources_1/new/KeyboardCtrl.v">
      <FileInfo>
        <Attr Name="ImportPath" Val="$PPRDIR/../final_project_tetris0/final_project_tetris0.srcs/sources_1/new/KeyboardCtrl.v"/>
        <Attr Name="ImportTime" Val="1623570481"/>
        <Attr Name="UsedIn" Val="synthesis"/>
        <Attr Name="UsedIn" Val="implementation"/>
        <Attr Name="UsedIn" Val="simulation"/>
      </FileInfo>
    </File>
    <File Path="$PSRCDIR/sources_1/new/KeyboardDecoder.v">
      <FileInfo>
        <Attr Name="ImportPath" Val="$PPRDIR/../final_project_tetris0/final_project_tetris0.srcs/sources_1/new/KeyboardDecoder.v"/>
        <Attr Name="ImportTime" Val="1623570481"/>
        <Attr Name="UsedIn" Val="synthesis"/>
        <Attr Name="UsedIn" Val="implementation"/>
        <Attr Name="UsedIn" Val="simulation"/>
      </FileInfo>
    </File>
    <File Path="$PSRCDIR/sources_1/new/OnePulse.v">
      <FileInfo>
        <Attr Name="ImportPath" Val="$PPRDIR/../final_project_tetris0/final_project_tetris0.srcs/sources_1/new/OnePulse.v"/>
        <Attr Name="ImportTime" Val="1623570481"/>
        <Attr Name="UsedIn" Val="synthesis"/>
        <Attr Name="UsedIn" Val="implementation"/>
        <Attr Name="UsedIn" Val="simulation"/>
      </FileInfo>
    </File>
    <File Path="$PSRCDIR/sources_1/new/Ps2Interface.v">
      <FileInfo>
        <Attr Name="ImportPath" Val="$PPRDIR/../final_project_tetris0/final_project_tetris0.srcs/sources_1/new/Ps2Interface.v"/>
        <Attr Name="ImportTime" Val="1623570481"/>
        <Attr Name="UsedIn" Val="synthesis"/>
        <Attr Name="UsedIn" Val="implementation"/>
        <Attr Name="UsedIn" Val="simulation"/>
      </FileInfo>
    </File>
    <File Path="$PSRCDIR/sources_1/new/global.vh">
      <FileInfo>
        <Attr Name="ImportPath" Val="$PPRDIR/../final_project_tetris0/final_project_tetris0.srcs/sources_1/new/global.vh"/>
        <Attr Name="ImportTime" Val="1623570481"/>
        <Attr Name="UsedIn" Val="synthesis"/>
        <Attr Name="UsedIn" Val="simulation"/>
      </FileInfo>
    </File>
    <File Path="$PSRCDIR/sources_1/new/clear_line_drop.v">
      <FileInfo>
        <Attr Name="ImportPath" Val="$PPRDIR/../final_project_tetris0/final_project_tetris0.srcs/sources_1/new/clear_line_drop.v"/>
        <Attr Name="ImportTime" Val="1623570481"/>
        <Attr Name="UsedIn" Val="synthesis"/>
        <Attr Name="UsedIn" Val="implementation"/>
        <Attr Name="UsedIn" Val="simulation"/>
      </FileInfo>
    </File>
    <File Path="$PSRCDIR/sources_1/new/global.v">
      <FileInfo>
        <Attr Name="ImportPath" Val="$PPRDIR/../final_project_tetris1/final_project_tetris1.srcs/sources_1/new/global.v"/>
        <Attr Name="ImportTime" Val="1623845597"/>
        <Attr Name="UsedIn" Val="synthesis"/>
        <Attr Name="UsedIn" Val="implementation"/>
        <Attr Name="UsedIn" Val="simulation"/>
      </FileInfo>
    </File>
    <File Path="$PSRCDIR/sources_1/new/clkgen_2hz.v">
      <FileInfo>
        <Attr Name="ImportPath" Val="$PPRDIR/../final_project_tetris1/final_project_tetris1.srcs/sources_1/new/clkgen_2hz.v"/>
        <Attr Name="ImportTime" Val="1623837490"/>
        <Attr Name="UsedIn" Val="synthesis"/>
        <Attr Name="UsedIn" Val="implementation"/>
        <Attr Name="UsedIn" Val="simulation"/>
      </FileInfo>
    </File>
    <File Path="$PSRCDIR/sources_1/new/clock_divisor.v">
      <FileInfo>
        <Attr Name="ImportPath" Val="$PPRDIR/../final_project_tetris0/final_project_tetris0.srcs/sources_1/new/clock_divisor.v"/>
        <Attr Name="ImportTime" Val="1623570481"/>
        <Attr Name="UsedIn" Val="synthesis"/>
        <Attr Name="UsedIn" Val="implementation"/>
        <Attr Name="UsedIn" Val="simulation"/>
      </FileInfo>
    </File>
    <File Path="$PSRCDIR/sources_1/new/clock_generator_ma.v">
      <FileInfo>
        <Attr Name="ImportPath" Val="$PPRDIR/../final_project_tetris1/final_project_tetris1.srcs/sources_1/new/clock_generator_ma.v"/>
        <Attr Name="ImportTime" Val="1623845609"/>
        <Attr Name="UsedIn" Val="synthesis"/>
        <Attr Name="UsedIn" Val="implementation"/>
        <Attr Name="UsedIn" Val="simulation"/>
      </FileInfo>
    </File>
    <File Path="$PSRCDIR/sources_1/new/display.v">
      <FileInfo>
        <Attr Name="ImportPath" Val="$PPRDIR/../final_project_tetris0/final_project_tetris0.srcs/sources_1/new/display.v"/>
        <Attr Name="ImportTime" Val="1623570481"/>
        <Attr Name="UsedIn" Val="synthesis"/>
        <Attr Name="UsedIn" Val="implementation"/>
        <Attr Name="UsedIn" Val="simulation"/>
      </FileInfo>
    </File>
    <File Path="$PSRCDIR/sources_1/new/do_something.v">
      <FileInfo>
        <Attr Name="ImportPath" Val="$PPRDIR/../final_project_tetris0/final_project_tetris0.srcs/sources_1/new/do_something.v"/>
        <Attr Name="ImportTime" Val="1623570481"/>
        <Attr Name="UsedIn" Val="synthesis"/>
        <Attr Name="UsedIn" Val="implementation"/>
        <Attr Name="UsedIn" Val="simulation"/>
      </FileInfo>
    </File>
    <File Path="$PSRCDIR/sources_1/new/does_piece_fit.v">
      <FileInfo>
        <Attr Name="ImportPath" Val="$PPRDIR/../final_project_tetris0/final_project_tetris0.srcs/sources_1/new/does_piece_fit.v"/>
        <Attr Name="ImportTime" Val="1623570481"/>
        <Attr Name="UsedIn" Val="synthesis"/>
        <Attr Name="UsedIn" Val="implementation"/>
        <Attr Name="UsedIn" Val="simulation"/>
      </FileInfo>
    </File>
    <File Path="$PSRCDIR/sources_1/new/for_score.v">
      <FileInfo>
        <Attr Name="ImportPath" Val="$PPRDIR/../final_project_tetris0/final_project_tetris0.srcs/sources_1/new/for_score.v"/>
        <Attr Name="ImportTime" Val="1623570481"/>
        <Attr Name="UsedIn" Val="synthesis"/>
        <Attr Name="UsedIn" Val="implementation"/>
        <Attr Name="UsedIn" Val="simulation"/>
      </FileInfo>
    </File>
    <File Path="$PSRCDIR/sources_1/new/gen_map.v">
      <FileInfo>
        <Attr Name="ImportPath" Val="$PPRDIR/../final_project_tetris0/final_project_tetris0.srcs/sources_1/new/gen_map.v"/>
        <Attr Name="ImportTime" Val="1623570481"/>
        <Attr Name="UsedIn" Val="synthesis"/>
        <Attr Name="UsedIn" Val="implementation"/>
        <Attr Name="UsedIn" Val="simulation"/>
      </FileInfo>
    </File>
    <File Path="$PSRCDIR/sources_1/new/mem_addr_gen.v">
      <FileInfo>
        <Attr Name="ImportPath" Val="$PPRDIR/../final_project_tetris0/final_project_tetris0.srcs/sources_1/new/mem_addr_gen.v"/>
        <Attr Name="ImportTime" Val="1623742356"/>
        <Attr Name="UsedIn" Val="synthesis"/>
        <Attr Name="UsedIn" Val="implementation"/>
        <Attr Name="UsedIn" Val="simulation"/>
      </FileInfo>
    </File>
    <File Path="$PSRCDIR/sources_1/new/note_division.v">
      <FileInfo>
        <Attr Name="ImportPath" Val="$PPRDIR/../final_project_tetris1/final_project_tetris1.srcs/sources_1/new/note_division.v"/>
        <Attr Name="ImportTime" Val="1623833219"/>
        <Attr Name="UsedIn" Val="synthesis"/>
        <Attr Name="UsedIn" Val="implementation"/>
        <Attr Name="UsedIn" Val="simulation"/>
      </FileInfo>
    </File>
    <File Path="$PSRCDIR/sources_1/new/note_generation.v">
      <FileInfo>
        <Attr Name="ImportPath" Val="$PPRDIR/../final_project_tetris1/final_project_tetris1.srcs/sources_1/new/note_generation.v"/>
        <Attr Name="ImportTime" Val="1623833346"/>
        <Attr Name="UsedIn" Val="synthesis"/>
        <Attr Name="UsedIn" Val="implementation"/>
        <Attr Name="UsedIn" Val="simulation"/>
      </FileInfo>
    </File>
    <File Path="$PSRCDIR/sources_1/new/random.v">
      <FileInfo>
        <Attr Name="ImportPath" Val="$PPRDIR/../final_project_tetris0/final_project_tetris0.srcs/sources_1/new/random.v"/>
        <Attr Name="ImportTime" Val="1623570481"/>
        <Attr Name="UsedIn" Val="synthesis"/>
        <Attr Name="UsedIn" Val="implementation"/>
        <Attr Name="UsedIn" Val="simulation"/>
      </FileInfo>
    </File>
    <File Path="$PSRCDIR/sources_1/new/rotate.v">
      <FileInfo>
        <Attr Name="ImportPath" Val="$PPRDIR/../final_project_tetris0/final_project_tetris0.srcs/sources_1/new/rotate.v"/>
        <Attr Name="ImportTime" Val="1623570481"/>
        <Attr Name="UsedIn" Val="synthesis"/>
        <Attr Name="UsedIn" Val="implementation"/>
        <Attr Name="UsedIn" Val="simulation"/>
      </FileInfo>
    </File>
    <File Path="$PSRCDIR/sources_1/new/segment.v">
      <FileInfo>
        <Attr Name="ImportPath" Val="$PPRDIR/../final_project_tetris0/final_project_tetris0.srcs/sources_1/new/segment.v"/>
        <Attr Name="ImportTime" Val="1623570481"/>
        <Attr Name="UsedIn" Val="synthesis"/>
        <Attr Name="UsedIn" Val="implementation"/>
        <Attr Name="UsedIn" Val="simulation"/>
      </FileInfo>
    </File>
    <File Path="$PSRCDIR/sources_1/new/signal_gen.v">
      <FileInfo>
        <Attr Name="ImportPath" Val="$PPRDIR/../final_project_tetris0/final_project_tetris0.srcs/sources_1/new/signal_gen.v"/>
        <Attr Name="ImportTime" Val="1623570481"/>
        <Attr Name="UsedIn" Val="synthesis"/>
        <Attr Name="UsedIn" Val="implementation"/>
        <Attr Name="UsedIn" Val="simulation"/>
      </FileInfo>
    </File>
    <File Path="$PSRCDIR/sources_1/new/signal_peek.v">
      <FileInfo>
        <Attr Name="ImportPath" Val="$PPRDIR/../final_project_tetris0/final_project_tetris0.srcs/sources_1/new/signal_peek.v"/>
        <Attr Name="ImportTime" Val="1623570481"/>
        <Attr Name="UsedIn" Val="synthesis"/>
        <Attr Name="UsedIn" Val="implementation"/>
        <Attr Name="UsedIn" Val="simulation"/>
      </FileInfo>
    </File>
    <File Path="$PSRCDIR/sources_1/new/speaker_control.v">
      <FileInfo>
        <Attr Name="ImportPath" Val="$PPRDIR/../final_project_tetris1/final_project_tetris1.srcs/sources_1/new/speaker_control.v"/>
        <Attr Name="ImportTime" Val="1621152810"/>
        <Attr Name="UsedIn" Val="synthesis"/>
        <Attr Name="UsedIn" Val="implementation"/>
        <Attr Name="UsedIn" Val="simulation"/>
      </FileInfo>
    </File>
    <File Path="$PSRCDIR/sources_1/new/tetris.v">
      <FileInfo>
        <Attr Name="ImportPath" Val="$PPRDIR/../final_project_tetris0/final_project_tetris0.srcs/sources_1/new/tetris.v"/>
        <Attr Name="ImportTime" Val="1623570481"/>
        <Attr Name="UsedIn" Val="synthesis"/>
        <Attr Name="UsedIn" Val="implementation"/>
        <Attr Name="UsedIn" Val="simulation"/>
      </FileInfo>
    </File>
    <File Path="$PSRCDIR/sources_1/new/top_music.v">
      <FileInfo>
        <Attr Name="ImportPath" Val="$PPRDIR/../final_project_tetris1/final_project_tetris1.srcs/sources_1/new/top_music.v"/>
        <Attr Name="ImportTime" Val="1623850900"/>
        <Attr Name="UsedIn" Val="synthesis"/>
        <Attr Name="UsedIn" Val="implementation"/>
        <Attr Name="UsedIn" Val="simulation"/>
      </FileInfo>
    </File>
    <File Path="$PSRCDIR/sources_1/new/vga_controller.v">
      <FileInfo>
        <Attr Name="ImportPath" Val="$PPRDIR/../final_project_tetris0/final_project_tetris0.srcs/sources_1/new/vga_controller.v"/>
        <Attr Name="ImportTime" Val="1623570481"/>
        <Attr Name="UsedIn" Val="synthesis"/>
        <Attr Name="UsedIn" Val="implementation"/>
        <Attr Name="UsedIn" Val="simulation"/>
      </FileInfo>
    </File>
    <File Path="$PSRCDIR/sources_1/new/top.v">
      <FileInfo>
        <Attr Name="ImportPath" Val="$PPRDIR/../final_project_tetris0/final_project_tetris0.srcs/sources_1/new/top.v"/>
        <Attr Name="ImportTime" Val="1623570481"/>
        <Attr Name="UsedIn" Val="synthesis"/>
        <Attr Name="UsedIn" Val="implementation"/>
        <Attr Name="UsedIn" Val="simulation"/>
      </FileInfo>
    </File>
    <File Path="$PSRCDIR/sources_1/new/keyboard_transform.v">
      <FileInfo>
        <Attr Name="AutoDisabled" Val="1"/>
        <Attr Name="ImportPath" Val="$PPRDIR/../final_project_tetris0/final_project_tetris0.srcs/sources_1/new/keyboard_transform.v"/>
        <Attr Name="ImportTime" Val="1623570481"/>
        <Attr Name="UsedIn" Val="synthesis"/>
        <Attr Name="UsedIn" Val="implementation"/>
        <Attr Name="UsedIn" Val="simulation"/>
      </FileInfo>
    </File>
    <File Path="$PSRCDIR/sources_1/new/pixel_gen.v">
      <FileInfo>
        <Attr Name="AutoDisabled" Val="1"/>
        <Attr Name="ImportPath" Val="$PPRDIR/../final_project_tetris0/final_project_tetris0.srcs/sources_1/new/pixel_gen.v"/>
        <Attr Name="ImportTime" Val="1623570481"/>
        <Attr Name="UsedIn" Val="synthesis"/>
        <Attr Name="UsedIn" Val="implementation"/>
        <Attr Name="UsedIn" Val="simulation"/>
      </FileInfo>
    </File>
    <File Path="$PSRCDIR/sources_1/new/out2.coe">
      <FileInfo>
        <Attr Name="ImportPath" Val="$PPRDIR/../final_project_tetris0/final_project_tetris0.srcs/sources_1/new/out2.coe"/>
        <Attr Name="ImportTime" Val="1623738521"/>
        <Attr Name="UsedIn" Val="synthesis"/>
        <Attr Name="UsedIn" Val="simulation"/>
      </FileInfo>
    </File>
    <Config>
      <Option Name="DesignMode" Val="RTL"/>
      <Option Name="TopModule" Val="top"/>
    </Config>
  </FileSet>
  <FileSet Name="constrs_in" Type="Constrs" RelSrcDir="$PSRCDIR/constrs_1">
    <Filter Type="Constrs"/>
    <File Path="$PPRDIR/../final_project_tetris0/final_project_tetris0.srcs/sources_1/new/Basys3_Constraints.xdc">
      <FileInfo>
        <Attr Name="UsedIn" Val="synthesis"/>
        <Attr Name="UsedIn" Val="implementation"/>
      </FileInfo>
    </File>
    <Config>
      <Option Name="ConstrsType" Val="XDC"/>
    </Config>
  </FileSet>
  <FileSet Name="utils" Type="Utils" RelSrcDir="$PSRCDIR/utils_1">
    <Filter Type="Utils"/>
    <Config>
      <Option Name="TopAutoSet" Val="TRUE"/>
    </Config>
  </FileSet>
  <Strategy Version="1" Minor="2">
    <StratHandle Name="Vivado Implementation Defaults" Flow="Vivado Implementation 2020"/>
    <Step Id="init_design"/>
    <Step Id="opt_design"/>
    <Step Id="power_opt_design"/>
    <Step Id="place_design"/>
    <Step Id="post_place_power_opt_design"/>
    <Step Id="phys_opt_design"/>
    <Step Id="route_design"/>
    <Step Id="post_route_phys_opt_design"/>
    <Step Id="write_bitstream"/>
  </Strategy>
</GenRun>
