<?xml version="1.0" encoding="UTF-8"?>
<GenRun Id="synth_1" LaunchPart="xc7a35tcpg236-1" LaunchTime="1624015943">
  <File Type="PA-TCL" Name="top.tcl"/>
  <File Type="RDS-PROPCONSTRS" Name="top_drc_synth.rpt"/>
  <File Type="REPORTS-TCL" Name="top_reports.tcl"/>
  <File Type="RDS-RDS" Name="top.vds"/>
  <File Type="RDS-UTIL" Name="top_utilization_synth.rpt"/>
  <File Type="RDS-UTIL-PB" Name="top_utilization_synth.pb"/>
  <File Type="RDS-DCP" Name="top.dcp"/>
  <File Type="VDS-TIMINGSUMMARY" Name="top_timing_summary_synth.rpt"/>
  <File Type="VDS-TIMING-PB" Name="top_timing_summary_synth.pb"/>
  <FileSet Name="sources" Type="DesignSrcs" RelSrcDir="$PSRCDIR/sources_1" RelGenDir="$PGENDIR/sources_1">
    <Filter Type="Srcs"/>
    <File Path="$PSRCDIR/sources_1/ip/blk_mem_gen_0/blk_mem_gen_0.xci">
      <FileInfo>
        <Attr Name="ImportPath" Val="$PPRDIR/../final_project_tetris0/final_project_tetris0.srcs/sources_1/ip/blk_mem_gen_0/blk_mem_gen_0.xci"/>
        <Attr Name="ImportTime" Val="1623739280"/>
        <Attr Name="UsedIn" Val="synthesis"/>
        <Attr Name="UsedIn" Val="implementation"/>
        <Attr Name="UsedIn" Val="simulation"/>
      </FileInfo>
    </File>
    <File Path="$PSRCDIR/sources_1/new/Clock_1Hz.v">
      <FileInfo>
        <Attr Name="ImportPath" Val="$PPRDIR/../final_project_tetris1/final_project_tetris1.srcs/sources_1/new/Clock_1Hz.v"/>
        <Attr Name="ImportTime" Val="1620543980"/>
        <Attr Name="UsedIn" Val="synthesis"/>
        <Attr Name="UsedIn" Val="implementation"/>
        <Attr Name="UsedIn" Val="simulation"/>
      </FileInfo>
    </File>
    <File Path="$PSRCDIR/sources_1/new/KeyboardCtrl.v">
      <FileInfo>
        <Attr Name="ImportPath" Val="$PPRDIR/../final_project_tetris0/final_project_tetris0.srcs/sources_1/new/KeyboardCtrl.v"/>
        <Attr Name="ImportTime" Val="1623570481"/>
        <Attr Name="UsedIn" Val="synthesis"/>
        <Attr Name="UsedIn" Val="implementation"/>
        <Attr Name="UsedIn" Val="simulation"/>
      </FileInfo>
    </File>
    <File Path="$PSRCDIR/sources_1/new/KeyboardDecoder.v">
      <FileInfo>
        <Attr Name="ImportPath" Val="$PPRDIR/../final_project_tetris0/final_project_tetris0.srcs/sources_1/new/KeyboardDecoder.v"/>
        <Attr Name="ImportTime" Val="1623570481"/>
        <Attr Name="UsedIn" Val="synthesis"/>
        <Attr Name="UsedIn" Val="implementation"/>
        <Attr Name="UsedIn" Val="simulation"/>
      </FileInfo>
    </File>
    <File Path="$PSRCDIR/sources_1/new/OnePulse.v">
      <FileInfo>
        <Attr Name="ImportPath" Val="$PPRDIR/../final_project_tetris0/final_project_tetris0.srcs/sources_1/new/OnePulse.v"/>
        <Attr Name="ImportTime" Val="1623570481"/>
        <Attr Name="UsedIn" Val="synthesis"/>
        <Attr Name="UsedIn" Val="implementation"/>
        <Attr Name="UsedIn" Val="simulation"/>
      </FileInfo>
    </File>
    <File Path="$PSRCDIR/sources_1/new/Ps2Interface.v">
      <FileInfo>
        <Attr Name="ImportPath" Val="$PPRDIR/../final_project_tetris0/final_project_tetris0.srcs/sources_1/new/Ps2Interface.v"/>
        <Attr Name="ImportTime" Val="1623570481"/>
        <Attr Name="UsedIn" Val="synthesis"/>
        <Attr Name="UsedIn" Val="implementation"/>
        <Attr Name="UsedIn" Val="simulation"/>
      </FileInfo>
    </File>
    <File Path="$PSRCDIR/sources_1/new/global.vh">
      <FileInfo>
        <Attr Name="ImportPath" Val="$PPRDIR/../final_project_tetris0/final_project_tetris0.srcs/sources_1/new/global.vh"/>
        <Attr Name="ImportTime" Val="1623570481"/>
        <Attr Name="UsedIn" Val="synthesis"/>
        <Attr Name="UsedIn" Val="simulation"/>
      </FileInfo>
    </File>
    <File Path="$PSRCDIR/sources_1/new/clear_line_drop.v">
      <FileInfo>
        <Attr Name="ImportPath" Val="$PPRDIR/../final_project_tetris0/final_project_tetris0.srcs/sources_1/new/clear_line_drop.v"/>
        <Attr Name="ImportTime" Val="1623570481"/>
        <Attr Name="UsedIn" Val="synthesis"/>
        <Attr Name="UsedIn" Val="implementation"/>
        <Attr Name="UsedIn" Val="simulation"/>
      </FileInfo>
    </File>
    <File Path="$PSRCDIR/sources_1/new/global.v">
      <FileInfo>
        <Attr Name="ImportPath" Val="$PPRDIR/../final_project_tetris1/final_project_tetris1.srcs/sources_1/new/global.v"/>
        <Attr Name="ImportTime" Val="1623845597"/>
        <Attr Name="UsedIn" Val="synthesis"/>
        <Attr Name="UsedIn" Val="implementation"/>
        <Attr Name="UsedIn" Val="simulation"/>
      </FileInfo>
    </File>
    <File Path="$PSRCDIR/sources_1/new/clkgen_2hz.v">
      <FileInfo>
        <Attr Name="ImportPath" Val="$PPRDIR/../final_project_tetris1/final_project_tetris1.srcs/sources_1/new/clkgen_2hz.v"/>
        <Attr Name="ImportTime" Val="1623837490"/>
        <Attr Name="UsedIn" Val="synthesis"/>
        <Attr Name="UsedIn" Val="implementation"/>
        <Attr Name="UsedIn" Val="simulation"/>
      </FileInfo>
    </File>
    <File Path="$PSRCDIR/sources_1/new/clock_divisor.v">
      <FileInfo>
        <Attr Name="ImportPath" Val="$PPRDIR/../final_project_tetris0/final_project_tetris0.srcs/sources_1/new/clock_divisor.v"/>
        <Attr Name="ImportTime" Val="1623570481"/>
        <Attr Name="UsedIn" Val="synthesis"/>
        <Attr Name="UsedIn" Val="implementation"/>
        <Attr Name="UsedIn" Val="simulation"/>
      </FileInfo>
    </File>
    <File Path="$PSRCDIR/sources_1/new/clock_generator_ma.v">
      <FileInfo>
        <Attr Name="ImportPath" Val="$PPRDIR/../final_project_tetris1/final_project_tetris1.srcs/sources_1/new/clock_generator_ma.v"/>
        <Attr Name="ImportTime" Val="1623845609"/>
        <Attr Name="UsedIn" Val="synthesis"/>
        <Attr Name="UsedIn" Val="implementation"/>
        <Attr Name="UsedIn" Val="simulation"/>
      </FileInfo>
    </File>
    <File Path="$PSRCDIR/sources_1/new/display.v">
      <FileInfo>
        <Attr Name="ImportPath" Val="$PPRDIR/../final_project_tetris0/final_project_tetris0.srcs/sources_1/new/display.v"/>
        <Attr Name="ImportTime" Val="1623570481"/>
        <Attr Name="UsedIn" Val="synthesis"/>
        <Attr Name="UsedIn" Val="implementation"/>
        <Attr Name="UsedIn" Val="simulation"/>
      </FileInfo>
    </File>
    <File Path="$PSRCDIR/sources_1/new/do_something.v">
      <FileInfo>
        <Attr Name="ImportPath" Val="$PPRDIR/../final_project_tetris0/final_project_tetris0.srcs/sources_1/new/do_something.v"/>
        <Attr Name="ImportTime" Val="1623570481"/>
        <Attr Name="UsedIn" Val="synthesis"/>
        <Attr Name="UsedIn" Val="implementation"/>
        <Attr Name="UsedIn" Val="simulation"/>
      </FileInfo>
    </File>
    <File Path="$PSRCDIR/sources_1/new/does_piece_fit.v">
      <FileInfo>
        <Attr Name="ImportPath" Val="$PPRDIR/../final_project_tetris0/final_project_tetris0.srcs/sources_1/new/does_piece_fit.v"/>
        <Attr Name="ImportTime" Val="1623570481"/>
        <Attr Name="UsedIn" Val="synthesis"/>
        <Attr Name="UsedIn" Val="implementation"/>
        <Attr Name="UsedIn" Val="simulation"/>
      </FileInfo>
    </File>
    <File Path="$PSRCDIR/sources_1/new/for_score.v">
      <FileInfo>
        <Attr Name="ImportPath" Val="$PPRDIR/../final_project_tetris0/final_project_tetris0.srcs/sources_1/new/for_score.v"/>
        <Attr Name="ImportTime" Val="1623570481"/>
        <Attr Name="UsedIn" Val="synthesis"/>
        <Attr Name="UsedIn" Val="implementation"/>
        <Attr Name="UsedIn" Val="simulation"/>
      </FileInfo>
    </File>
    <File Path="$PSRCDIR/sources_1/new/gen_map.v">
      <FileInfo>
        <Attr Name="ImportPath" Val="$PPRDIR/../final_project_tetris0/final_project_tetris0.srcs/sources_1/new/gen_map.v"/>
        <Attr Name="ImportTime" Val="1623570481"/>
        <Attr Name="UsedIn" Val="synthesis"/>
        <Attr Name="UsedIn" Val="implementation"/>
        <Attr Name="UsedIn" Val="simulation"/>
      </FileInfo>
    </File>
    <File Path="$PSRCDIR/sources_1/new/mem_addr_gen.v">
      <FileInfo>
        <Attr Name="ImportPath" Val="$PPRDIR/../final_project_tetris0/final_project_tetris0.srcs/sources_1/new/mem_addr_gen.v"/>
        <Attr Name="ImportTime" Val="1623742356"/>
        <Attr Name="UsedIn" Val="synthesis"/>
        <Attr Name="UsedIn" Val="implementation"/>
        <Attr Name="UsedIn" Val="simulation"/>
      </FileInfo>
    </File>
    <File Path="$PSRCDIR/sources_1/new/note_division.v">
      <FileInfo>
        <Attr Name="ImportPath" Val="$PPRDIR/../final_project_tetris1/final_project_tetris1.srcs/sources_1/new/note_division.v"/>
        <Attr Name="ImportTime" Val="1623833219"/>
        <Attr Name="UsedIn" Val="synthesis"/>
        <Attr Name="UsedIn" Val="implementation"/>
        <Attr Name="UsedIn" Val="simulation"/>
      </FileInfo>
    </File>
    <File Path="$PSRCDIR/sources_1/new/note_generation.v">
      <FileInfo>
        <Attr Name="ImportPath" Val="$PPRDIR/../final_project_tetris1/final_project_tetris1.srcs/sources_1/new/note_generation.v"/>
        <Attr Name="ImportTime" Val="1623833346"/>
        <Attr Name="UsedIn" Val="synthesis"/>
        <Attr Name="UsedIn" Val="implementation"/>
        <Attr Name="UsedIn" Val="simulation"/>
      </FileInfo>
    </File>
    <File Path="$PSRCDIR/sources_1/new/random.v">
      <FileInfo>
        <Attr Name="ImportPath" Val="$PPRDIR/../final_project_tetris0/final_project_tetris0.srcs/sources_1/new/random.v"/>
        <Attr Name="ImportTime" Val="1623570481"/>
        <Attr Name="UsedIn" Val="synthesis"/>
        <Attr Name="UsedIn" Val="implementation"/>
        <Attr Name="UsedIn" Val="simulation"/>
      </FileInfo>
    </File>
    <File Path="$PSRCDIR/sources_1/new/rotate.v">
      <FileInfo>
        <Attr Name="ImportPath" Val="$PPRDIR/../final_project_tetris0/final_project_tetris0.srcs/sources_1/new/rotate.v"/>
        <Attr Name="ImportTime" Val="1623570481"/>
        <Attr Name="UsedIn" Val="synthesis"/>
        <Attr Name="UsedIn" Val="implementation"/>
        <Attr Name="UsedIn" Val="simulation"/>
      </FileInfo>
    </File>
    <File Path="$PSRCDIR/sources_1/new/segment.v">
      <FileInfo>
        <Attr Name="ImportPath" Val="$PPRDIR/../final_project_tetris0/final_project_tetris0.srcs/sources_1/new/segment.v"/>
        <Attr Name="ImportTime" Val="1623570481"/>
        <Attr Name="UsedIn" Val="synthesis"/>
        <Attr Name="UsedIn" Val="implementation"/>
        <Attr Name="UsedIn" Val="simulation"/>
      </FileInfo>
    </File>
    <File Path="$PSRCDIR/sources_1/new/signal_gen.v">
      <FileInfo>
        <Attr Name="ImportPath" Val="$PPRDIR/../final_project_tetris0/final_project_tetris0.srcs/sources_1/new/signal_gen.v"/>
        <Attr Name="ImportTime" Val="1623570481"/>
        <Attr Name="UsedIn" Val="synthesis"/>
        <Attr Name="UsedIn" Val="implementation"/>
        <Attr Name="UsedIn" Val="simulation"/>
      </FileInfo>
    </File>
    <File Path="$PSRCDIR/sources_1/new/signal_peek.v">
      <FileInfo>
        <Attr Name="ImportPath" Val="$PPRDIR/../final_project_tetris0/final_project_tetris0.srcs/sources_1/new/signal_peek.v"/>
        <Attr Name="ImportTime" Val="1623570481"/>
        <Attr Name="UsedIn" Val="synthesis"/>
        <Attr Name="UsedIn" Val="implementation"/>
        <Attr Name="UsedIn" Val="simulation"/>
      </FileInfo>
    </File>
    <File Path="$PSRCDIR/sources_1/new/speaker_control.v">
      <FileInfo>
        <Attr Name="ImportPath" Val="$PPRDIR/../final_project_tetris1/final_project_tetris1.srcs/sources_1/new/speaker_control.v"/>
        <Attr Name="ImportTime" Val="1621152810"/>
        <Attr Name="UsedIn" Val="synthesis"/>
        <Attr Name="UsedIn" Val="implementation"/>
        <Attr Name="UsedIn" Val="simulation"/>
      </FileInfo>
    </File>
    <File Path="$PSRCDIR/sources_1/new/tetris.v">
      <FileInfo>
        <Attr Name="ImportPath" Val="$PPRDIR/../final_project_tetris0/final_project_tetris0.srcs/sources_1/new/tetris.v"/>
        <Attr Name="ImportTime" Val="1623570481"/>
        <Attr Name="UsedIn" Val="synthesis"/>
        <Attr Name="UsedIn" Val="implementation"/>
        <Attr Name="UsedIn" Val="simulation"/>
      </FileInfo>
    </File>
    <File Path="$PSRCDIR/sources_1/new/top_music.v">
      <FileInfo>
        <Attr Name="ImportPath" Val="$PPRDIR/../final_project_tetris1/final_project_tetris1.srcs/sources_1/new/top_music.v"/>
        <Attr Name="ImportTime" Val="1623850900"/>
        <Attr Name="UsedIn" Val="synthesis"/>
        <Attr Name="UsedIn" Val="implementation"/>
        <Attr Name="UsedIn" Val="simulation"/>
      </FileInfo>
    </File>
    <File Path="$PSRCDIR/sources_1/new/vga_controller.v">
      <FileInfo>
        <Attr Name="ImportPath" Val="$PPRDIR/../final_project_tetris0/final_project_tetris0.srcs/sources_1/new/vga_controller.v"/>
        <Attr Name="ImportTime" Val="1623570481"/>
        <Attr Name="UsedIn" Val="synthesis"/>
        <Attr Name="UsedIn" Val="implementation"/>
        <Attr Name="UsedIn" Val="simulation"/>
      </FileInfo>
    </File>
    <File Path="$PSRCDIR/sources_1/new/top.v">
      <FileInfo>
        <Attr Name="ImportPath" Val="$PPRDIR/../final_project_tetris0/final_project_tetris0.srcs/sources_1/new/top.v"/>
        <Attr Name="ImportTime" Val="1623570481"/>
        <Attr Name="UsedIn" Val="synthesis"/>
        <Attr Name="UsedIn" Val="implementation"/>
        <Attr Name="UsedIn" Val="simulation"/>
      </FileInfo>
    </File>
    <File Path="$PSRCDIR/sources_1/new/keyboard_transform.v">
      <FileInfo>
        <Attr Name="AutoDisabled" Val="1"/>
        <Attr Name="ImportPath" Val="$PPRDIR/../final_project_tetris0/final_project_tetris0.srcs/sources_1/new/keyboard_transform.v"/>
        <Attr Name="ImportTime" Val="1623570481"/>
        <Attr Name="UsedIn" Val="synthesis"/>
        <Attr Name="UsedIn" Val="implementation"/>
        <Attr Name="UsedIn" Val="simulation"/>
      </FileInfo>
    </File>
    <File Path="$PSRCDIR/sources_1/new/pixel_gen.v">
      <FileInfo>
        <Attr Name="AutoDisabled" Val="1"/>
        <Attr Name="ImportPath" Val="$PPRDIR/../final_project_tetris0/final_project_tetris0.srcs/sources_1/new/pixel_gen.v"/>
        <Attr Name="ImportTime" Val="1623570481"/>
        <Attr Name="UsedIn" Val="synthesis"/>
        <Attr Name="UsedIn" Val="implementation"/>
        <Attr Name="UsedIn" Val="simulation"/>
      </FileInfo>
    </File>
    <File Path="$PSRCDIR/sources_1/new/out2.coe">
      <FileInfo>
        <Attr Name="ImportPath" Val="$PPRDIR/../final_project_tetris0/final_project_tetris0.srcs/sources_1/new/out2.coe"/>
        <Attr Name="ImportTime" Val="1623738521"/>
        <Attr Name="UsedIn" Val="synthesis"/>
        <Attr Name="UsedIn" Val="simulation"/>
      </FileInfo>
    </File>
    <Config>
      <Option Name="DesignMode" Val="RTL"/>
      <Option Name="TopModule" Val="top"/>
    </Config>
  </FileSet>
  <FileSet Name="constrs_in" Type="Constrs" RelSrcDir="$PSRCDIR/constrs_1">
    <Filter Type="Constrs"/>
    <File Path="$PPRDIR/../final_project_tetris0/final_project_tetris0.srcs/sources_1/new/Basys3_Constraints.xdc">
      <FileInfo>
        <Attr Name="UsedIn" Val="synthesis"/>
        <Attr Name="UsedIn" Val="implementation"/>
      </FileInfo>
    </File>
    <Config>
      <Option Name="ConstrsType" Val="XDC"/>
    </Config>
  </FileSet>
  <FileSet Name="utils" Type="Utils" RelSrcDir="$PSRCDIR/utils_1">
    <Filter Type="Utils"/>
    <Config>
      <Option Name="TopAutoSet" Val="TRUE"/>
    </Config>
  </FileSet>
  <Strategy Version="1" Minor="2">
    <StratHandle Name="Vivado Synthesis Defaults" Flow="Vivado Synthesis 2020"/>
    <Step Id="synth_design"/>
  </Strategy>
</GenRun>
